location,activity_type,cost,date,duration_hours
Kisumu,Wildlife Viewing,2721.49,5/5/2022,9
Nairobi,Cultural Tour,976.73,9/18/2022,5
Mombasa,Safari,1625.24,10/8/2022,14
Eldoret,Safari,184.38,7/2/2022,2
Eldoret,Wildlife Viewing,96.82,6/19/2022,21
Nairobi,Hiking,1285.76,7/10/2022,2
Nairobi,Hiking,2962.24,4/6/2022,14
Eldoret,Wildlife Viewing,4325.63,1/6/2022,1
Eldoret,Cultural Tour,1837.54,1/3/2022,2
Nakuru,Cultural Tour,2223.23,6/30/2022,22
Nakuru,Cultural Tour,1279.09,6/28/2022,16
Mombasa,Hiking,2124.28,5/17/2022,22
Nakuru,Safari,4801.79,7/21/2022,3
Eldoret,Safari,2609.06,2/16/2022,7
Nairobi,Safari,3872.4,2/23/2022,23
Eldoret,Wildlife Viewing,3604.54,9/23/2022,22
Eldoret,Safari,4554.78,9/16/2022,22
Kisumu,Wildlife Viewing,2149.6,6/27/2022,5
Kisumu,Safari,2513.5,2/16/2022,9
Mombasa,Safari,4282.58,7/12/2022,14
Nairobi,Beach,2425.67,2/13/2022,19
Mombasa,Hiking,3372.52,10/8/2022,19
Eldoret,Safari,1896.84,3/30/2022,5
Kisumu,Wildlife Viewing,1196.83,1/29/2022,10
Eldoret,Hiking,4659.72,3/18/2022,9
Mombasa,Hiking,1165.21,1/5/2022,8
Mombasa,Safari,1148.82,4/24/2022,9
Mombasa,Beach,2201.71,4/10/2022,20
Nairobi,Hiking,933.38,4/9/2022,3
Nairobi,Beach,3321.09,8/21/2022,19
Mombasa,Cultural Tour,1964.76,12/25/2022,6
Eldoret,Safari,4420.24,8/2/2022,20
Kisumu,Beach,1579.78,8/31/2022,17
Eldoret,Cultural Tour,647.88,12/25/2022,2
Kisumu,Cultural Tour,2152.35,6/8/2022,2
Nairobi,Cultural Tour,3529.74,9/11/2022,21
Mombasa,Beach,4502.78,2/20/2022,9
Kisumu,Beach,1968.08,5/3/2022,6
Eldoret,Hiking,255.79,4/2/2022,20
Kisumu,Safari,2955.84,11/3/2022,16
Nairobi,Cultural Tour,653.96,11/19/2022,7
Mombasa,Beach,3651.23,7/13/2022,5
Kisumu,Hiking,2019.47,11/9/2022,22
Kisumu,Cultural Tour,4130.9,5/5/2022,7
Mombasa,Hiking,745.22,1/7/2022,11
Nairobi,Safari,237.03,8/14/2022,19
Eldoret,Hiking,4508.24,7/9/2022,15
Nakuru,Safari,404.95,12/21/2022,21
Eldoret,Hiking,1729.18,1/31/2022,17
Kisumu,Beach,4260.97,9/15/2022,13
Nairobi,Wildlife Viewing,2188.9,12/10/2022,12
Kisumu,Cultural Tour,274.84,7/21/2022,1
Kisumu,Cultural Tour,1778.89,3/19/2022,19
Mombasa,Wildlife Viewing,2975.75,6/16/2022,11
Nairobi,Safari,3407.93,10/7/2022,11
Kisumu,Beach,4405.01,2/11/2022,22
Kisumu,Safari,2257.26,12/8/2022,17
Mombasa,Wildlife Viewing,3004.75,7/14/2022,1
Eldoret,Hiking,1562.01,8/3/2022,20
Kisumu,Cultural Tour,1174.86,12/4/2022,24
Eldoret,Hiking,82.0,4/1/2022,23
Kisumu,Cultural Tour,1218.61,2/19/2022,24
Eldoret,Beach,2692.07,6/15/2022,18
Nairobi,Beach,309.3,3/22/2022,20
Mombasa,Cultural Tour,4613.62,11/3/2022,9
Eldoret,Safari,2872.38,10/17/2022,11
Nairobi,Hiking,2775.06,4/18/2022,11
Nairobi,Hiking,766.48,1/8/2022,6
Eldoret,Beach,4122.62,10/8/2022,18
Nakuru,Cultural Tour,3798.64,11/8/2022,11
Eldoret,Beach,705.72,2/18/2022,9
Mombasa,Hiking,3269.41,5/26/2022,5
Nakuru,Cultural Tour,200.96,7/5/2022,8
Eldoret,Hiking,3597.35,3/5/2022,23
Kisumu,Hiking,2885.84,7/30/2022,19
Mombasa,Beach,2501.51,8/18/2022,4
Eldoret,Hiking,2699.34,12/12/2022,3
Nairobi,Hiking,2067.36,10/21/2022,21
Kisumu,Hiking,1723.59,4/23/2022,11
Nairobi,Safari,905.89,11/17/2022,16
Kisumu,Safari,4680.63,5/25/2022,9
Nakuru,Wildlife Viewing,281.93,7/13/2022,7
Kisumu,Cultural Tour,1963.23,9/13/2022,3
Nakuru,Hiking,4738.4,8/19/2022,4
Kisumu,Safari,1877.11,2/28/2022,24
Nairobi,Wildlife Viewing,4722.69,5/8/2022,24
Eldoret,Hiking,3740.25,4/28/2022,5
Nairobi,Beach,2212.34,1/21/2022,9
Kisumu,Cultural Tour,4121.31,3/25/2022,24
Nairobi,Beach,1740.09,3/31/2022,18
Nairobi,Cultural Tour,2912.5,4/29/2022,16
Mombasa,Beach,2089.59,6/15/2022,16
Eldoret,Safari,4513.04,2/6/2022,12
Mombasa,Wildlife Viewing,2992.63,10/13/2022,15
Kisumu,Safari,3509.4,5/13/2022,20
Mombasa,Safari,4304.35,4/22/2022,12
Kisumu,Safari,58.92,10/14/2022,6
Mombasa,Wildlife Viewing,196.72,1/25/2022,6
Nakuru,Cultural Tour,4047.64,4/28/2022,24
Nakuru,Cultural Tour,4029.45,5/22/2022,16
Kisumu,Beach,4392.38,12/12/2022,18
Nairobi,Wildlife Viewing,1072.86,12/16/2022,11
Nakuru,Beach,974.07,3/5/2022,20
Eldoret,Cultural Tour,2337.94,2/16/2022,6
Mombasa,Hiking,1800.03,4/5/2022,24
Eldoret,Wildlife Viewing,1222.95,9/23/2022,21
Kisumu,Beach,3929.93,8/14/2022,20
Nakuru,Wildlife Viewing,1379.0,7/4/2022,6
Eldoret,Wildlife Viewing,2851.24,8/16/2022,8
Mombasa,Safari,4530.28,10/17/2022,18
Nakuru,Wildlife Viewing,2085.9,4/25/2022,22
Eldoret,Cultural Tour,118.47,2/25/2022,2
Mombasa,Hiking,485.14,4/4/2022,14
Eldoret,Hiking,1707.19,8/18/2022,20
Eldoret,Cultural Tour,2865.55,6/17/2022,5
Nairobi,Wildlife Viewing,508.74,1/2/2022,1
Nairobi,Beach,1259.68,10/8/2022,24
Nairobi,Cultural Tour,3195.86,4/23/2022,4
Nakuru,Safari,3617.25,9/12/2022,16
Eldoret,Safari,1493.51,7/15/2022,1
Nakuru,Beach,168.95,5/11/2022,19
Nakuru,Hiking,4737.0,9/27/2022,12
Nairobi,Safari,575.04,11/7/2022,11
Nakuru,Wildlife Viewing,2331.74,4/7/2022,11
Nairobi,Safari,1679.58,2/26/2022,3
Nakuru,Cultural Tour,1130.73,10/31/2022,17
Eldoret,Wildlife Viewing,2641.55,9/13/2022,7
Mombasa,Wildlife Viewing,534.03,6/16/2022,13
Nakuru,Safari,2062.83,10/19/2022,22
Eldoret,Hiking,4845.49,5/18/2022,24
Nakuru,Wildlife Viewing,4169.01,3/3/2022,2
Mombasa,Wildlife Viewing,2648.49,2/17/2022,6
Nakuru,Wildlife Viewing,2028.12,12/25/2022,13
Nairobi,Beach,4037.88,7/2/2022,9
Eldoret,Wildlife Viewing,2929.75,11/16/2022,9
Mombasa,Safari,2169.97,3/22/2022,5
Eldoret,Wildlife Viewing,4761.52,4/26/2022,21
Kisumu,Safari,1131.74,2/5/2022,7
Eldoret,Beach,1594.83,3/8/2022,24
Kisumu,Safari,3098.37,7/15/2022,14
Nakuru,Wildlife Viewing,3204.48,5/20/2022,21
Kisumu,Cultural Tour,1389.1,9/25/2022,4
Kisumu,Cultural Tour,2052.26,8/23/2022,16
Nakuru,Cultural Tour,3175.33,11/28/2022,9
Eldoret,Cultural Tour,3117.23,1/16/2022,18
Nairobi,Cultural Tour,3042.38,12/3/2022,16
Nairobi,Safari,992.06,5/7/2022,13
Nairobi,Beach,4245.78,7/21/2022,23
Nakuru,Cultural Tour,3603.13,3/1/2022,23
Kisumu,Cultural Tour,4110.06,2/14/2022,3
Mombasa,Wildlife Viewing,1760.88,12/7/2022,2
Nairobi,Wildlife Viewing,895.89,11/11/2022,20
Mombasa,Wildlife Viewing,2467.87,12/17/2022,17
Eldoret,Wildlife Viewing,747.9,1/16/2022,1
Kisumu,Beach,3196.16,3/27/2022,8
Mombasa,Wildlife Viewing,2278.36,1/8/2022,7
Nairobi,Wildlife Viewing,3582.05,12/28/2022,24
Nairobi,Wildlife Viewing,3244.26,4/17/2022,23
Nairobi,Beach,309.21,1/2/2022,14
Kisumu,Wildlife Viewing,4474.01,9/8/2022,20
Nairobi,Hiking,368.54,4/11/2022,10
Nairobi,Wildlife Viewing,2238.54,1/14/2022,8
Nakuru,Safari,2017.21,12/24/2022,19
Nakuru,Cultural Tour,956.5,4/14/2022,8
Eldoret,Hiking,1643.16,5/3/2022,21
Nairobi,Wildlife Viewing,4049.95,3/25/2022,21
Eldoret,Hiking,4751.72,5/19/2022,19
Kisumu,Cultural Tour,4236.49,4/21/2022,6
Mombasa,Safari,4712.73,6/4/2022,8
Nakuru,Beach,95.57,12/1/2022,22
Mombasa,Safari,1527.54,5/16/2022,10
Mombasa,Wildlife Viewing,4264.99,1/17/2022,14
Nairobi,Hiking,1253.21,6/9/2022,12
Nairobi,Hiking,1765.7,11/7/2022,17
Nakuru,Safari,3082.08,8/8/2022,6
Nairobi,Safari,3322.87,10/10/2022,8
Mombasa,Wildlife Viewing,2053.42,2/19/2022,24
Kisumu,Hiking,990.96,12/28/2022,8
Kisumu,Cultural Tour,630.1,4/24/2022,10
Mombasa,Safari,4826.62,6/14/2022,12
Mombasa,Cultural Tour,4454.3,3/20/2022,4
Mombasa,Wildlife Viewing,2960.99,4/12/2022,20
Nairobi,Cultural Tour,1458.63,2/14/2022,10
Kisumu,Hiking,1962.36,7/12/2022,2
Eldoret,Safari,2605.11,6/8/2022,19
Mombasa,Cultural Tour,3115.87,11/15/2022,9
Kisumu,Cultural Tour,4023.32,11/5/2022,23
Eldoret,Hiking,499.28,2/16/2022,15
Nakuru,Safari,449.36,5/20/2022,16
Eldoret,Wildlife Viewing,4433.92,4/22/2022,18
Eldoret,Beach,4817.74,8/6/2022,6
Nakuru,Wildlife Viewing,1885.59,4/21/2022,14
Mombasa,Beach,3513.4,10/9/2022,15
Mombasa,Safari,1551.82,5/2/2022,9
Eldoret,Cultural Tour,2894.65,3/10/2022,7
Mombasa,Wildlife Viewing,2603.31,7/23/2022,4
Kisumu,Beach,4209.5,3/8/2022,1
Nakuru,Beach,3258.04,1/30/2022,21
Mombasa,Wildlife Viewing,665.93,3/23/2022,11
Eldoret,Cultural Tour,2292.41,3/30/2022,11
Nakuru,Hiking,2383.41,3/1/2022,5
Mombasa,Wildlife Viewing,598.38,6/1/2022,21
Eldoret,Wildlife Viewing,1534.62,4/9/2022,2
Mombasa,Hiking,4413.59,8/15/2022,12
Nairobi,Cultural Tour,265.32,9/26/2022,3
Nairobi,Beach,4011.45,8/25/2022,21
Kisumu,Cultural Tour,4473.35,10/13/2022,15
Eldoret,Wildlife Viewing,2264.7,4/4/2022,10
Nakuru,Hiking,974.57,10/28/2022,22
Nakuru,Wildlife Viewing,2320.86,2/2/2022,13
Eldoret,Cultural Tour,4292.19,8/12/2022,5
Eldoret,Hiking,303.74,11/28/2022,19
Kisumu,Hiking,659.8,11/16/2022,1
Eldoret,Wildlife Viewing,4295.69,2/6/2022,11
Kisumu,Cultural Tour,872.99,1/11/2022,4
Nairobi,Beach,4512.8,7/11/2022,20
Nairobi,Safari,4924.93,10/31/2022,23
Mombasa,Hiking,2406.99,2/15/2022,20
Nakuru,Safari,2576.82,3/24/2022,2
Nairobi,Hiking,3828.29,12/15/2022,20
Eldoret,Beach,2707.11,11/10/2022,3
Kisumu,Beach,1372.06,4/28/2022,22
Nairobi,Safari,1771.29,8/31/2022,13
Nairobi,Beach,937.96,10/16/2022,5
Nakuru,Safari,2320.94,1/6/2022,18
Nakuru,Beach,1284.86,12/29/2022,1
Eldoret,Safari,1536.17,3/5/2022,6
Nakuru,Beach,4340.23,10/20/2022,22
Kisumu,Safari,1483.18,12/15/2022,4
Mombasa,Beach,4608.35,8/24/2022,1
Kisumu,Hiking,4641.67,7/18/2022,10
Kisumu,Safari,1586.94,8/11/2022,23
Kisumu,Wildlife Viewing,3057.94,3/19/2022,16
Kisumu,Safari,2673.22,9/14/2022,10
Nairobi,Safari,2632.72,11/1/2022,23
Kisumu,Beach,3010.41,11/8/2022,24
Nairobi,Beach,2431.78,4/19/2022,23
Eldoret,Beach,1458.92,9/2/2022,20
Eldoret,Hiking,1443.26,1/13/2022,9
Nakuru,Safari,3655.33,12/7/2022,1
Mombasa,Safari,3533.13,10/13/2022,12
Nairobi,Beach,3607.37,9/30/2022,23
Mombasa,Beach,3720.0,3/22/2022,16
Mombasa,Beach,2868.32,10/4/2022,3
Kisumu,Wildlife Viewing,3255.3,8/4/2022,5
Mombasa,Safari,4157.22,7/24/2022,16
Eldoret,Beach,503.64,9/9/2022,16
Nakuru,Wildlife Viewing,3631.94,5/6/2022,1
Eldoret,Beach,4431.51,11/3/2022,10
Nakuru,Beach,312.03,11/2/2022,17
Nairobi,Cultural Tour,1846.44,1/3/2022,2
Nakuru,Beach,498.3,7/20/2022,1
Eldoret,Safari,4318.22,6/1/2022,16
Mombasa,Wildlife Viewing,4335.79,9/2/2022,23
Nakuru,Wildlife Viewing,615.24,6/28/2022,5
Nakuru,Hiking,2162.12,7/21/2022,14
Nakuru,Wildlife Viewing,2370.61,11/22/2022,4
Eldoret,Safari,1233.17,10/11/2022,9
Nairobi,Safari,1668.3,5/7/2022,15
Nakuru,Beach,1304.4,3/26/2022,21
Mombasa,Wildlife Viewing,1579.56,4/20/2022,17
Eldoret,Wildlife Viewing,2721.47,2/3/2022,4
Eldoret,Cultural Tour,3998.91,11/22/2022,6
Mombasa,Hiking,3546.63,6/16/2022,16
Kisumu,Wildlife Viewing,2831.83,10/17/2022,4
Eldoret,Hiking,3657.61,8/15/2022,8
Kisumu,Hiking,1267.04,7/12/2022,21
Nakuru,Safari,2356.16,4/8/2022,16
Mombasa,Cultural Tour,4811.87,10/2/2022,8
Nairobi,Beach,2089.08,9/28/2022,2
Nairobi,Cultural Tour,2151.46,6/29/2022,14
Nakuru,Safari,1866.33,11/9/2022,7
Mombasa,Beach,974.49,3/11/2022,3
Nairobi,Wildlife Viewing,3665.89,5/17/2022,6
Nakuru,Wildlife Viewing,1140.12,4/25/2022,1
Nakuru,Hiking,3379.79,3/8/2022,20
Eldoret,Safari,3501.34,12/6/2022,10
Nairobi,Beach,2556.52,1/14/2022,22
Kisumu,Safari,2685.34,4/7/2022,11
Mombasa,Beach,2706.16,10/3/2022,10
Nairobi,Wildlife Viewing,484.71,4/7/2022,6
Nakuru,Safari,2973.55,4/29/2022,21
Nakuru,Hiking,2089.01,8/12/2022,6
Mombasa,Safari,161.88,7/23/2022,20
Kisumu,Hiking,4977.67,8/27/2022,20
Mombasa,Cultural Tour,4650.76,7/15/2022,3
Nairobi,Hiking,1411.65,9/6/2022,19
Nairobi,Hiking,2530.22,11/12/2022,3
Kisumu,Wildlife Viewing,889.39,11/12/2022,18
Nairobi,Cultural Tour,2822.31,7/11/2022,8
Nakuru,Beach,3207.67,12/26/2022,21
Nakuru,Hiking,1806.94,3/11/2022,15
Kisumu,Hiking,4131.45,9/25/2022,22
Kisumu,Cultural Tour,486.24,11/28/2022,11
Mombasa,Safari,299.46,7/11/2022,20
Nakuru,Cultural Tour,99.92,10/27/2022,3
Kisumu,Hiking,1199.78,4/13/2022,5
Nairobi,Safari,3142.61,1/29/2022,20
Nairobi,Beach,1659.57,8/11/2022,13
Mombasa,Safari,1717.58,11/22/2022,24
Eldoret,Cultural Tour,4159.92,1/9/2022,12
Eldoret,Safari,616.0,11/25/2022,18
Nakuru,Safari,4666.32,10/11/2022,7
Eldoret,Cultural Tour,611.16,12/12/2022,23
Eldoret,Safari,1917.86,7/6/2022,3
Mombasa,Wildlife Viewing,3306.67,12/30/2022,12
Kisumu,Cultural Tour,4591.98,3/8/2022,20
Nairobi,Hiking,3487.9,6/7/2022,1
Eldoret,Beach,1732.17,3/19/2022,18
Mombasa,Beach,4884.3,8/1/2022,23
Eldoret,Beach,2425.28,9/3/2022,20
Nairobi,Cultural Tour,1218.58,11/27/2022,9
Nakuru,Hiking,2513.09,4/6/2022,15
Nairobi,Wildlife Viewing,1448.16,1/17/2022,12
Kisumu,Beach,290.1,11/18/2022,1
Kisumu,Wildlife Viewing,1095.88,2/23/2022,8
Nakuru,Hiking,772.82,2/19/2022,6
Kisumu,Cultural Tour,267.48,3/28/2022,20
Mombasa,Beach,2762.53,10/13/2022,10
Nakuru,Hiking,3542.58,8/22/2022,12
Nairobi,Cultural Tour,4022.42,3/23/2022,23
Mombasa,Hiking,3432.3,8/14/2022,11
Eldoret,Beach,1441.32,7/9/2022,11
Kisumu,Cultural Tour,2090.02,7/9/2022,1
Eldoret,Wildlife Viewing,3400.86,9/20/2022,11
Kisumu,Cultural Tour,4949.29,5/19/2022,5
Nakuru,Wildlife Viewing,2559.62,6/28/2022,2
Eldoret,Beach,2838.9,3/23/2022,13
Mombasa,Safari,1239.7,2/1/2022,11
Eldoret,Hiking,1223.96,3/2/2022,10
Mombasa,Hiking,3332.8,8/8/2022,2
Kisumu,Safari,1325.91,4/3/2022,11
Mombasa,Wildlife Viewing,1268.53,11/6/2022,22
Nairobi,Cultural Tour,2889.35,9/18/2022,11
Eldoret,Safari,3549.21,11/22/2022,20
Kisumu,Beach,2094.21,12/17/2022,16
Eldoret,Hiking,2385.71,1/11/2022,9
Nairobi,Beach,1684.27,7/7/2022,21
Eldoret,Hiking,2855.89,6/8/2022,6
Nakuru,Cultural Tour,448.27,4/15/2022,1
Nakuru,Hiking,2806.08,1/20/2022,18
Nairobi,Wildlife Viewing,2999.93,1/3/2022,8
Nairobi,Beach,2417.48,6/8/2022,5
Mombasa,Beach,483.56,2/7/2022,24
Eldoret,Beach,4434.78,11/27/2022,7
Kisumu,Cultural Tour,1416.89,7/20/2022,15
Nakuru,Safari,956.65,1/21/2022,19
Eldoret,Wildlife Viewing,1986.52,5/14/2022,7
Nakuru,Hiking,1092.19,10/14/2022,9
Mombasa,Beach,1679.56,10/12/2022,22
Eldoret,Wildlife Viewing,4841.91,12/10/2022,18
Nakuru,Hiking,910.23,2/14/2022,13
Nakuru,Safari,713.39,12/16/2022,2
Eldoret,Beach,1265.12,9/22/2022,24
Nairobi,Safari,3181.68,6/9/2022,8
Nairobi,Beach,1879.51,5/1/2022,18
Mombasa,Hiking,4767.59,6/13/2022,19
Mombasa,Beach,3956.6,3/6/2022,1
Nairobi,Hiking,2486.55,1/4/2022,14
Eldoret,Safari,3841.07,1/19/2022,5
Nairobi,Cultural Tour,1482.21,6/16/2022,4
Nairobi,Cultural Tour,3212.43,7/15/2022,24
Nakuru,Wildlife Viewing,390.53,3/23/2022,21
Mombasa,Wildlife Viewing,2309.1,12/3/2022,8
Mombasa,Wildlife Viewing,1296.55,8/25/2022,16
Nakuru,Hiking,2633.4,11/26/2022,24
Nairobi,Safari,4501.97,2/8/2022,19
Nakuru,Wildlife Viewing,4924.22,10/29/2022,16
Nakuru,Hiking,1873.08,4/24/2022,24
Nairobi,Safari,839.03,9/14/2022,20
Nairobi,Beach,296.3,5/8/2022,9
Eldoret,Wildlife Viewing,2158.79,7/29/2022,5
Eldoret,Cultural Tour,299.4,5/27/2022,8
Kisumu,Wildlife Viewing,3385.23,1/4/2022,7
Nakuru,Hiking,4637.69,2/5/2022,5
Mombasa,Cultural Tour,4718.52,8/3/2022,13
Kisumu,Hiking,4559.87,10/25/2022,18
Nairobi,Wildlife Viewing,1066.59,3/6/2022,12
Nakuru,Wildlife Viewing,2956.42,7/13/2022,4
Kisumu,Hiking,4737.95,9/16/2022,19
Nakuru,Cultural Tour,2982.99,3/4/2022,3
Mombasa,Hiking,4871.06,10/24/2022,20
Kisumu,Cultural Tour,2414.47,2/24/2022,24
Eldoret,Wildlife Viewing,1092.14,2/6/2022,10
Mombasa,Hiking,4444.65,2/7/2022,4
Kisumu,Hiking,1141.16,5/1/2022,5
Nairobi,Beach,4309.54,3/1/2022,7
Nakuru,Beach,1717.14,4/29/2022,7
Eldoret,Wildlife Viewing,131.95,10/31/2022,6
Eldoret,Hiking,4633.59,6/13/2022,23
Nakuru,Wildlife Viewing,1452.86,5/18/2022,19
Eldoret,Safari,3918.29,11/10/2022,14
Eldoret,Safari,2467.35,5/6/2022,23
Mombasa,Wildlife Viewing,4606.16,6/10/2022,9
Mombasa,Safari,3871.6,10/12/2022,7
Kisumu,Beach,164.56,5/14/2022,22
Eldoret,Cultural Tour,1373.01,9/14/2022,1
Eldoret,Cultural Tour,4084.73,6/11/2022,6
Nakuru,Beach,1621.83,6/9/2022,4
Nairobi,Beach,1745.08,4/30/2022,8
Kisumu,Beach,2969.32,10/3/2022,6
Kisumu,Safari,1517.16,11/15/2022,7
Eldoret,Cultural Tour,4770.88,6/4/2022,12
Nairobi,Beach,3737.79,3/12/2022,10
Mombasa,Cultural Tour,749.56,10/17/2022,9
Eldoret,Safari,1813.3,12/11/2022,3
Nairobi,Hiking,2392.41,3/31/2022,11
Nakuru,Safari,2917.27,7/9/2022,21
Kisumu,Beach,1827.44,7/8/2022,4
Mombasa,Cultural Tour,4983.24,5/3/2022,11
Eldoret,Hiking,2438.71,11/7/2022,13
Nakuru,Beach,1857.06,1/12/2022,5
Eldoret,Beach,3695.78,2/4/2022,3
Eldoret,Cultural Tour,1169.86,10/12/2022,10
Nakuru,Wildlife Viewing,2837.41,2/23/2022,6
Nakuru,Wildlife Viewing,2417.39,8/2/2022,12
Nairobi,Beach,1201.67,6/3/2022,7
Nakuru,Cultural Tour,1714.22,6/11/2022,23
Kisumu,Safari,4927.3,1/27/2022,13
Kisumu,Cultural Tour,3272.27,8/18/2022,2
Nakuru,Wildlife Viewing,4076.19,12/22/2022,11
Mombasa,Hiking,1114.84,7/8/2022,10
Eldoret,Beach,3167.89,12/19/2022,22
Nairobi,Cultural Tour,1415.84,7/28/2022,20
Nairobi,Cultural Tour,3653.4,10/20/2022,12
Kisumu,Cultural Tour,4644.53,9/17/2022,19
Kisumu,Hiking,3626.4,11/10/2022,13
Eldoret,Hiking,305.27,8/7/2022,20
Nakuru,Hiking,2726.06,3/26/2022,10
Kisumu,Beach,766.26,8/28/2022,5
Eldoret,Hiking,272.42,5/2/2022,2
Nakuru,Hiking,2070.97,11/4/2022,11
Nairobi,Wildlife Viewing,2466.78,7/19/2022,13
Kisumu,Wildlife Viewing,4092.5,10/27/2022,13
Mombasa,Beach,4102.5,1/26/2022,20
Mombasa,Cultural Tour,2182.48,4/2/2022,18
Eldoret,Hiking,3352.21,3/24/2022,3
Mombasa,Hiking,487.52,4/30/2022,10
Kisumu,Hiking,2293.34,10/8/2022,12
Mombasa,Cultural Tour,447.34,1/12/2022,24
Kisumu,Cultural Tour,3270.25,4/9/2022,20
Eldoret,Wildlife Viewing,2503.15,11/26/2022,17
Eldoret,Safari,2459.71,7/12/2022,2
Nairobi,Hiking,1130.86,6/15/2022,12
Nakuru,Hiking,2204.59,10/17/2022,8
Nairobi,Wildlife Viewing,1146.08,7/14/2022,9
Nairobi,Beach,2159.12,8/3/2022,11
Kisumu,Hiking,4628.69,3/10/2022,24
Nairobi,Cultural Tour,940.6,9/17/2022,4
Nairobi,Beach,873.35,3/4/2022,8
Eldoret,Cultural Tour,2188.2,7/6/2022,17
Kisumu,Wildlife Viewing,4551.13,4/19/2022,20
Nakuru,Wildlife Viewing,2861.82,2/2/2022,17
Eldoret,Hiking,4538.97,4/19/2022,12
Nairobi,Wildlife Viewing,2066.2,6/17/2022,23
Kisumu,Wildlife Viewing,2358.97,9/3/2022,14
Nakuru,Safari,324.87,3/10/2022,4
Kisumu,Cultural Tour,508.76,5/19/2022,24
Mombasa,Hiking,159.71,10/19/2022,18
Mombasa,Safari,4615.72,7/3/2022,16
Mombasa,Cultural Tour,3760.29,12/29/2022,22
Nairobi,Safari,3833.51,3/9/2022,3
Eldoret,Hiking,3949.03,12/25/2022,8
Nairobi,Hiking,2840.18,8/3/2022,16
Nairobi,Hiking,169.93,11/11/2022,5
Nakuru,Cultural Tour,2671.32,9/15/2022,2
Eldoret,Beach,1585.83,1/23/2022,9
Nakuru,Beach,2591.77,11/19/2022,24
Eldoret,Safari,3480.88,4/7/2022,3
Mombasa,Beach,979.43,2/18/2022,20
Eldoret,Hiking,4454.58,8/24/2022,22
Nakuru,Wildlife Viewing,1340.57,7/22/2022,9
Nairobi,Safari,4376.21,10/12/2022,4
Nairobi,Safari,1931.29,10/19/2022,20
Kisumu,Hiking,4801.23,5/31/2022,3
Nakuru,Beach,2663.82,7/5/2022,6
Nakuru,Cultural Tour,1210.39,5/15/2022,13
Nairobi,Beach,3289.54,1/18/2022,19
Kisumu,Cultural Tour,4880.53,5/31/2022,22
Mombasa,Beach,4646.83,10/8/2022,19
Eldoret,Cultural Tour,628.83,7/24/2022,20
Eldoret,Beach,3728.68,5/4/2022,11
Eldoret,Cultural Tour,4967.29,7/28/2022,23
Eldoret,Hiking,711.69,3/4/2022,14
Nakuru,Cultural Tour,1623.38,7/1/2022,16
Nairobi,Hiking,377.67,4/21/2022,22
Kisumu,Hiking,3660.18,4/1/2022,8
Eldoret,Hiking,3727.89,1/14/2022,16
Nakuru,Cultural Tour,2132.78,4/16/2022,23
Mombasa,Safari,1212.22,4/13/2022,7
Nakuru,Beach,2331.25,2/25/2022,16
Nakuru,Cultural Tour,3985.9,1/27/2022,4
Nairobi,Wildlife Viewing,52.38,5/19/2022,23
Nakuru,Hiking,650.52,8/7/2022,11
Kisumu,Hiking,4551.0,11/11/2022,5
Kisumu,Safari,3691.22,7/11/2022,20
Nakuru,Hiking,1031.4,5/25/2022,6
Kisumu,Cultural Tour,2576.9,5/1/2022,19
Eldoret,Beach,1291.36,8/29/2022,19
Mombasa,Hiking,3111.69,5/15/2022,13
Nairobi,Beach,2936.41,1/19/2022,20
Eldoret,Safari,677.36,1/28/2022,2
Kisumu,Beach,2477.16,6/7/2022,8
Mombasa,Wildlife Viewing,893.65,12/10/2022,20
Eldoret,Beach,3165.37,11/9/2022,7
Nairobi,Beach,4008.78,7/17/2022,2
Mombasa,Beach,4703.24,7/26/2022,13
Nairobi,Cultural Tour,3542.98,11/12/2022,18
Eldoret,Wildlife Viewing,1734.29,10/27/2022,19
Kisumu,Wildlife Viewing,643.56,2/17/2022,19
Kisumu,Cultural Tour,2025.41,2/18/2022,17
Nairobi,Hiking,2130.77,3/10/2022,6
Nairobi,Hiking,4919.01,4/11/2022,24
Mombasa,Wildlife Viewing,3889.82,9/5/2022,21
Mombasa,Wildlife Viewing,1538.41,8/13/2022,17
Nakuru,Cultural Tour,1865.27,1/14/2022,3
Nakuru,Wildlife Viewing,374.37,2/13/2022,3
Nairobi,Safari,2139.61,10/16/2022,3
Mombasa,Safari,2705.52,9/21/2022,24
Nairobi,Hiking,2772.02,11/8/2022,15
Nairobi,Cultural Tour,2370.74,12/17/2022,6
Nairobi,Safari,3786.24,3/24/2022,15
Mombasa,Hiking,4067.0,12/20/2022,24
Kisumu,Wildlife Viewing,306.79,11/15/2022,11
Nairobi,Cultural Tour,2149.19,1/18/2022,6
Nairobi,Safari,4763.56,3/6/2022,21
Kisumu,Wildlife Viewing,54.69,8/24/2022,24
Nakuru,Safari,1274.2,6/15/2022,16
Nakuru,Wildlife Viewing,1339.02,12/1/2022,22
Nairobi,Cultural Tour,4127.0,10/26/2022,3
Kisumu,Wildlife Viewing,3505.9,11/26/2022,22
Nairobi,Wildlife Viewing,4094.75,4/25/2022,10
Nairobi,Wildlife Viewing,1592.72,11/1/2022,22
Mombasa,Beach,4634.87,10/15/2022,4
Mombasa,Wildlife Viewing,2251.74,10/17/2022,6
Mombasa,Cultural Tour,2080.91,7/13/2022,17
Mombasa,Beach,2157.47,8/19/2022,14
Kisumu,Beach,3075.28,9/29/2022,12
Nairobi,Safari,420.03,6/6/2022,21
Mombasa,Safari,2848.24,12/28/2022,2
Mombasa,Hiking,68.81,7/14/2022,6
Mombasa,Wildlife Viewing,4507.93,6/20/2022,5
Eldoret,Hiking,2889.38,7/15/2022,22
Kisumu,Cultural Tour,4757.12,5/13/2022,6
Eldoret,Beach,2717.53,11/11/2022,9
Nakuru,Safari,2698.96,3/2/2022,11
Nakuru,Beach,1810.43,11/19/2022,2
Eldoret,Safari,3339.15,3/25/2022,1
Eldoret,Hiking,4493.84,9/29/2022,12
Eldoret,Wildlife Viewing,3982.08,9/27/2022,16
Eldoret,Wildlife Viewing,3789.29,5/8/2022,1
Eldoret,Beach,4217.88,6/23/2022,24
Nairobi,Wildlife Viewing,1312.67,2/17/2022,4
Eldoret,Wildlife Viewing,3044.35,7/28/2022,21
Mombasa,Wildlife Viewing,356.6,1/15/2022,7
Nairobi,Beach,293.3,8/5/2022,12
Nakuru,Hiking,2526.09,1/5/2022,2
Nairobi,Cultural Tour,1242.45,3/17/2022,5
Kisumu,Cultural Tour,3107.33,8/19/2022,23
Mombasa,Hiking,1971.11,3/2/2022,6
Nakuru,Beach,425.29,10/19/2022,15
Mombasa,Hiking,3999.61,4/8/2022,5
Nakuru,Safari,4839.11,9/24/2022,23
Mombasa,Safari,2470.65,4/30/2022,1
Nairobi,Wildlife Viewing,2546.42,1/4/2022,17
Nakuru,Hiking,4310.11,7/1/2022,3
Kisumu,Hiking,2901.19,9/5/2022,16
Eldoret,Safari,4118.44,5/26/2022,21
Nairobi,Beach,617.87,5/19/2022,8
Nakuru,Hiking,2925.29,5/14/2022,16
Eldoret,Safari,1168.31,5/30/2022,11
Nairobi,Wildlife Viewing,1657.5,5/1/2022,4
Nakuru,Wildlife Viewing,2173.58,4/22/2022,19
Nairobi,Cultural Tour,91.1,9/17/2022,12
Nairobi,Cultural Tour,1962.14,3/19/2022,19
Kisumu,Cultural Tour,1234.15,10/11/2022,18
Nakuru,Beach,4464.29,11/22/2022,24
Eldoret,Hiking,2719.85,12/9/2022,11
Mombasa,Wildlife Viewing,1923.74,1/27/2022,3
Mombasa,Safari,2955.32,3/28/2022,22
Kisumu,Beach,4554.45,9/29/2022,4
Mombasa,Beach,4139.56,8/8/2022,14
Mombasa,Cultural Tour,4533.76,3/23/2022,1
Nakuru,Wildlife Viewing,3110.03,12/9/2022,1
Nakuru,Safari,2949.05,5/29/2022,20
Nakuru,Safari,3485.69,3/5/2022,1
Eldoret,Beach,4032.81,4/3/2022,9
Nakuru,Beach,4411.58,2/13/2022,24
Nairobi,Hiking,3329.36,10/31/2022,19
Kisumu,Cultural Tour,4065.44,7/30/2022,13
Kisumu,Safari,1753.19,11/7/2022,4
Eldoret,Hiking,4149.72,9/25/2022,22
Nairobi,Cultural Tour,230.43,11/29/2022,4
Nakuru,Beach,3381.88,10/6/2022,10
Nakuru,Wildlife Viewing,950.37,11/16/2022,22
Kisumu,Safari,1534.19,6/7/2022,12
Nakuru,Hiking,317.71,9/24/2022,11
Eldoret,Wildlife Viewing,314.62,4/28/2022,20
Nairobi,Beach,1816.76,5/27/2022,5
Kisumu,Cultural Tour,1011.73,4/27/2022,17
Nakuru,Safari,4370.81,11/17/2022,21
Nakuru,Hiking,3510.26,6/10/2022,2
Nakuru,Hiking,3871.35,3/31/2022,21
Eldoret,Wildlife Viewing,3538.15,5/21/2022,7
Kisumu,Safari,4240.33,3/11/2022,21
Nakuru,Beach,351.73,9/13/2022,17
Mombasa,Beach,471.62,8/3/2022,11
Kisumu,Hiking,178.91,10/28/2022,13
Eldoret,Beach,4934.01,9/2/2022,4
Mombasa,Beach,2113.16,10/11/2022,6
Eldoret,Hiking,1736.41,3/23/2022,23
Kisumu,Cultural Tour,365.68,8/13/2022,23
Kisumu,Hiking,2484.96,6/3/2022,15
Eldoret,Beach,813.27,10/21/2022,17
Mombasa,Safari,4828.77,4/18/2022,20
Nakuru,Wildlife Viewing,2736.29,7/18/2022,19
Eldoret,Safari,3388.56,3/30/2022,20
Kisumu,Wildlife Viewing,871.83,9/10/2022,16
Nakuru,Hiking,220.02,9/17/2022,2
Kisumu,Wildlife Viewing,808.07,12/28/2022,16
Nairobi,Safari,1163.93,10/27/2022,3
Nairobi,Cultural Tour,390.51,7/16/2022,15
Nakuru,Wildlife Viewing,4129.95,11/7/2022,11
Kisumu,Hiking,3889.01,2/8/2022,23
Mombasa,Hiking,2926.95,10/18/2022,12
Eldoret,Cultural Tour,3139.91,4/15/2022,8
Nakuru,Hiking,4706.21,1/8/2022,15
Kisumu,Hiking,3386.27,9/20/2022,7
Kisumu,Wildlife Viewing,4525.62,7/13/2022,17
Nakuru,Hiking,3417.12,2/24/2022,2
Mombasa,Hiking,3182.65,1/15/2022,3
Kisumu,Cultural Tour,4511.47,7/11/2022,21
Nakuru,Beach,1715.97,8/21/2022,9
Mombasa,Safari,985.37,1/8/2022,14
Mombasa,Hiking,1703.27,3/16/2022,8
Eldoret,Wildlife Viewing,2763.75,2/11/2022,19
Mombasa,Wildlife Viewing,798.12,1/16/2022,15
Eldoret,Beach,1693.75,6/12/2022,10
Mombasa,Cultural Tour,392.71,6/29/2022,21
Eldoret,Safari,3946.22,9/3/2022,2
Nairobi,Beach,4247.62,8/5/2022,17
Nairobi,Hiking,2538.64,4/14/2022,8
Kisumu,Hiking,836.06,4/30/2022,22
Kisumu,Hiking,3104.41,7/19/2022,20
Eldoret,Cultural Tour,4056.74,2/18/2022,15
Nairobi,Wildlife Viewing,4193.31,1/2/2022,10
Nairobi,Safari,1587.01,6/9/2022,15
Kisumu,Beach,951.46,7/24/2022,9
Eldoret,Cultural Tour,347.9,3/29/2022,14
Eldoret,Cultural Tour,954.44,5/20/2022,1
Nairobi,Safari,4029.42,7/25/2022,16
Nakuru,Safari,3533.43,10/17/2022,21
Mombasa,Wildlife Viewing,4774.36,1/17/2022,11
Kisumu,Wildlife Viewing,370.7,1/16/2022,1
Mombasa,Safari,1162.2,10/11/2022,16
Nakuru,Safari,2370.95,5/9/2022,5
Nairobi,Cultural Tour,4780.44,6/24/2022,19
Mombasa,Hiking,1479.17,10/2/2022,17
Eldoret,Hiking,743.08,6/30/2022,14
Nakuru,Cultural Tour,667.5,2/28/2022,10
Kisumu,Cultural Tour,4379.87,1/5/2022,3
Eldoret,Wildlife Viewing,1264.49,2/28/2022,14
Eldoret,Safari,913.7,8/18/2022,1
Mombasa,Cultural Tour,4059.12,8/16/2022,6
Nakuru,Safari,1097.91,7/6/2022,20
Nakuru,Safari,1343.22,10/10/2022,5
Eldoret,Safari,2623.51,3/14/2022,13
Nairobi,Hiking,2712.1,11/17/2022,3
Eldoret,Beach,1068.53,1/13/2022,7
Eldoret,Beach,1885.08,1/26/2022,9
Nakuru,Beach,2775.3,1/25/2022,10
Kisumu,Beach,3237.89,9/15/2022,16
Kisumu,Beach,1247.16,12/17/2022,23
Nairobi,Beach,1956.23,8/29/2022,4
Nairobi,Hiking,1884.62,2/18/2022,9
Nairobi,Cultural Tour,1861.75,5/21/2022,7
Mombasa,Hiking,3962.98,8/13/2022,14
Eldoret,Safari,1208.01,6/30/2022,4
Nakuru,Safari,4814.06,6/21/2022,18
Nairobi,Cultural Tour,3245.55,10/15/2022,14
Nakuru,Hiking,4782.09,10/5/2022,12
Mombasa,Cultural Tour,3382.77,6/25/2022,11
Eldoret,Beach,399.11,7/22/2022,6
Mombasa,Wildlife Viewing,4819.84,7/29/2022,11
Kisumu,Wildlife Viewing,4800.21,10/26/2022,11
Mombasa,Safari,1257.86,1/29/2022,24
Nakuru,Cultural Tour,2926.82,1/8/2022,11
Nakuru,Hiking,4888.26,8/6/2022,21
Nakuru,Beach,4714.22,3/31/2022,18
Nakuru,Safari,4194.2,1/3/2022,24
Kisumu,Hiking,3821.01,11/15/2022,21
Nakuru,Cultural Tour,192.57,7/27/2022,4
Nakuru,Safari,3813.49,6/24/2022,10
Eldoret,Cultural Tour,3189.67,1/28/2022,15
Nakuru,Hiking,3957.97,12/7/2022,7
Nairobi,Beach,1430.62,12/1/2022,18
Nairobi,Cultural Tour,3716.76,3/10/2022,3
Kisumu,Beach,1811.01,3/10/2022,10
Nakuru,Beach,3658.57,4/23/2022,19
Nakuru,Safari,3667.55,11/17/2022,19
Kisumu,Cultural Tour,1307.89,4/13/2022,5
Kisumu,Cultural Tour,3306.95,11/16/2022,6
Eldoret,Beach,1339.99,4/10/2022,1
Kisumu,Cultural Tour,629.74,10/4/2022,9
Kisumu,Cultural Tour,4879.45,11/21/2022,24
Kisumu,Beach,3736.02,4/25/2022,23
Nairobi,Hiking,811.27,1/17/2022,2
Kisumu,Wildlife Viewing,2288.03,7/6/2022,24
Eldoret,Beach,3918.46,6/9/2022,12
Nairobi,Beach,3168.19,11/6/2022,14
Nakuru,Wildlife Viewing,3735.73,6/17/2022,5
Mombasa,Beach,1944.19,7/27/2022,4
Mombasa,Wildlife Viewing,2549.87,9/18/2022,23
Mombasa,Safari,1188.06,2/2/2022,10
Eldoret,Beach,4444.52,8/7/2022,24
Mombasa,Hiking,991.57,12/24/2022,8
Kisumu,Wildlife Viewing,613.23,2/4/2022,16
Nakuru,Safari,2855.22,5/20/2022,1
Mombasa,Cultural Tour,3112.58,7/4/2022,15
Eldoret,Beach,2198.17,2/28/2022,22
Mombasa,Hiking,726.58,7/16/2022,10
Eldoret,Beach,2651.58,11/17/2022,6
Mombasa,Beach,151.47,11/17/2022,14
Eldoret,Hiking,1343.43,12/21/2022,22
Mombasa,Wildlife Viewing,63.52,10/8/2022,13
Nairobi,Hiking,677.02,12/13/2022,5
Eldoret,Cultural Tour,3606.47,2/2/2022,19
Kisumu,Cultural Tour,3730.72,8/2/2022,3
Kisumu,Beach,2253.69,5/16/2022,7
Mombasa,Safari,3001.28,3/31/2022,5
Mombasa,Safari,3555.66,8/31/2022,10
Nairobi,Safari,683.84,6/1/2022,8
Kisumu,Cultural Tour,4824.7,1/30/2022,12
Kisumu,Beach,2512.05,10/11/2022,12
Nairobi,Wildlife Viewing,2729.15,5/28/2022,20
Eldoret,Hiking,2499.48,9/14/2022,2
Mombasa,Hiking,1290.31,10/4/2022,23
Nairobi,Beach,4400.09,8/24/2022,19
Nairobi,Wildlife Viewing,840.14,10/31/2022,7
Mombasa,Wildlife Viewing,3870.21,1/30/2022,15
Nairobi,Hiking,1372.13,1/5/2022,2
Nakuru,Beach,3896.05,1/3/2022,2
Mombasa,Cultural Tour,616.87,9/30/2022,14
Eldoret,Wildlife Viewing,731.09,12/15/2022,22
Kisumu,Beach,4363.85,4/22/2022,10
Nakuru,Beach,1867.45,10/17/2022,17
Mombasa,Wildlife Viewing,4990.87,2/5/2022,19
Mombasa,Cultural Tour,4983.8,3/20/2022,23
Nakuru,Hiking,4436.52,10/8/2022,11
Nakuru,Hiking,4068.84,12/25/2022,18
Eldoret,Cultural Tour,344.14,1/14/2022,15
Kisumu,Hiking,1752.09,7/25/2022,3
Kisumu,Cultural Tour,4513.86,8/20/2022,17
Nairobi,Hiking,2548.73,12/12/2022,17
Kisumu,Cultural Tour,4952.85,5/30/2022,5
Nairobi,Wildlife Viewing,974.55,11/14/2022,15
Nakuru,Hiking,2675.25,5/17/2022,14
Mombasa,Hiking,3000.01,2/3/2022,10
Mombasa,Beach,820.55,12/24/2022,11
Mombasa,Cultural Tour,430.94,4/7/2022,6
Mombasa,Safari,2163.27,12/19/2022,19
Nakuru,Hiking,4737.96,10/12/2022,10
Nairobi,Safari,4106.4,11/1/2022,16
Mombasa,Safari,3777.78,3/30/2022,1
Kisumu,Safari,1335.16,1/7/2022,16
Kisumu,Safari,2129.65,10/13/2022,1
Eldoret,Safari,89.95,3/1/2022,20
Eldoret,Wildlife Viewing,4090.73,7/16/2022,5
Kisumu,Wildlife Viewing,358.47,11/15/2022,2
Eldoret,Cultural Tour,735.85,5/14/2022,5
Eldoret,Cultural Tour,2291.53,2/27/2022,20
Nakuru,Cultural Tour,3990.8,12/1/2022,14
Nairobi,Hiking,2979.69,2/10/2022,24
Mombasa,Cultural Tour,4673.47,8/8/2022,14
Nairobi,Safari,1205.51,12/24/2022,13
Eldoret,Wildlife Viewing,4944.78,1/6/2022,5
Kisumu,Wildlife Viewing,2365.75,8/27/2022,23
Kisumu,Wildlife Viewing,4507.49,12/14/2022,5
Eldoret,Safari,2086.7,2/18/2022,6
Nairobi,Wildlife Viewing,2755.22,7/7/2022,2
Nakuru,Beach,4863.88,2/9/2022,24
Nakuru,Safari,4990.06,5/3/2022,6
Kisumu,Wildlife Viewing,2242.65,1/7/2022,4
Mombasa,Safari,1968.18,1/10/2022,13
Mombasa,Safari,4449.99,3/23/2022,15
Nakuru,Hiking,1034.75,11/16/2022,18
Nairobi,Safari,4240.0,7/3/2022,5
Nakuru,Cultural Tour,1174.22,7/3/2022,5
Nakuru,Wildlife Viewing,2118.73,2/14/2022,7
Kisumu,Wildlife Viewing,2806.57,12/12/2022,21
Mombasa,Beach,698.46,7/22/2022,11
Nairobi,Safari,3034.22,8/22/2022,6
Nairobi,Safari,4158.52,3/19/2022,18
Mombasa,Cultural Tour,932.72,7/1/2022,3
Mombasa,Cultural Tour,478.36,5/11/2022,20
Mombasa,Beach,4034.03,2/2/2022,6
Mombasa,Hiking,1670.1,6/4/2022,21
Eldoret,Wildlife Viewing,663.7,7/21/2022,11
Eldoret,Wildlife Viewing,193.82,6/16/2022,9
Mombasa,Hiking,4589.81,1/30/2022,22
Nairobi,Wildlife Viewing,2751.67,4/20/2022,12
Nakuru,Cultural Tour,4234.87,6/21/2022,7
Nakuru,Hiking,324.44,1/29/2022,12
Mombasa,Cultural Tour,891.08,2/23/2022,17
Mombasa,Safari,4998.56,2/21/2022,15
Mombasa,Beach,2324.38,6/16/2022,12
Kisumu,Cultural Tour,1111.52,7/23/2022,24
Nairobi,Safari,2193.98,2/14/2022,3
Nakuru,Wildlife Viewing,1673.52,8/27/2022,2
Nairobi,Wildlife Viewing,546.77,8/20/2022,24
Nakuru,Wildlife Viewing,3468.12,3/26/2022,21
Nakuru,Safari,617.61,4/14/2022,18
Nairobi,Safari,4781.63,5/2/2022,1
Nairobi,Cultural Tour,4392.33,5/20/2022,1
Nakuru,Beach,3985.4,4/1/2022,22
Nakuru,Hiking,802.33,3/22/2022,3
Nairobi,Hiking,1646.29,11/23/2022,10
Kisumu,Safari,4470.05,3/21/2022,18
Nakuru,Beach,466.36,3/9/2022,2
Mombasa,Cultural Tour,835.32,4/7/2022,17
Mombasa,Safari,1755.63,5/29/2022,18
Nakuru,Beach,4043.64,9/1/2022,13
Kisumu,Cultural Tour,4986.66,6/1/2022,18
Nakuru,Hiking,2931.76,12/16/2022,10
Nakuru,Cultural Tour,4333.94,7/11/2022,24
Eldoret,Beach,116.73,1/23/2022,3
Nairobi,Safari,2550.59,5/6/2022,7
Kisumu,Cultural Tour,751.98,3/4/2022,19
Nairobi,Cultural Tour,1734.32,1/31/2022,23
Kisumu,Wildlife Viewing,3876.09,10/10/2022,24
Nairobi,Safari,863.73,5/31/2022,6
Kisumu,Cultural Tour,2680.72,1/4/2022,18
Mombasa,Beach,1580.07,4/20/2022,6
Mombasa,Beach,3384.68,4/25/2022,20
Nairobi,Beach,1756.68,8/17/2022,17
Nairobi,Safari,3531.93,4/25/2022,12
Eldoret,Cultural Tour,2195.36,2/19/2022,17
Mombasa,Beach,4541.34,3/5/2022,6
Eldoret,Cultural Tour,3239.71,10/28/2022,1
Kisumu,Beach,3991.0,2/21/2022,11
Kisumu,Cultural Tour,3516.26,9/26/2022,6
Eldoret,Wildlife Viewing,2365.12,6/10/2022,5
Kisumu,Cultural Tour,4558.34,1/12/2022,11
Nairobi,Cultural Tour,4536.87,11/26/2022,23
Mombasa,Wildlife Viewing,2443.25,7/23/2022,23
Nakuru,Cultural Tour,2985.4,1/18/2022,4
Mombasa,Cultural Tour,2485.91,2/22/2022,4
Mombasa,Beach,3175.28,1/7/2022,15
Nakuru,Wildlife Viewing,2219.11,11/26/2022,24
Nakuru,Beach,4256.25,1/22/2022,24
Mombasa,Beach,4543.9,7/3/2022,17
Eldoret,Wildlife Viewing,2774.7,3/15/2022,13
Mombasa,Cultural Tour,927.16,2/22/2022,13
Kisumu,Cultural Tour,1038.86,6/3/2022,14
Kisumu,Hiking,971.21,3/24/2022,23
Mombasa,Hiking,4968.59,2/3/2022,3
Nakuru,Hiking,2945.2,8/6/2022,23
Nakuru,Wildlife Viewing,1176.56,10/3/2022,1
Kisumu,Hiking,249.48,8/29/2022,22
Nakuru,Hiking,4523.21,12/21/2022,12
Nairobi,Wildlife Viewing,2073.07,11/21/2022,3
Eldoret,Cultural Tour,349.77,1/28/2022,16
Eldoret,Cultural Tour,1617.36,6/30/2022,6
Kisumu,Wildlife Viewing,157.75,2/8/2022,23
Nakuru,Cultural Tour,534.93,12/23/2022,17
Nakuru,Beach,1757.59,7/4/2022,5
Mombasa,Beach,3778.66,4/10/2022,24
Nakuru,Wildlife Viewing,3144.78,1/19/2022,4
Nakuru,Cultural Tour,4773.3,1/25/2022,5
Eldoret,Safari,2348.55,1/26/2022,4
Nakuru,Wildlife Viewing,2509.02,12/5/2022,4
Eldoret,Hiking,4629.17,10/17/2022,3
Eldoret,Wildlife Viewing,1423.26,11/24/2022,17
Nairobi,Hiking,2199.34,10/25/2022,20
Nairobi,Safari,4904.61,8/18/2022,17
Nairobi,Beach,899.42,3/6/2022,4
Mombasa,Cultural Tour,2911.6,1/29/2022,21
Nakuru,Safari,209.32,8/8/2022,6
Kisumu,Beach,1395.4,3/7/2022,17
Kisumu,Hiking,3161.05,2/7/2022,15
Eldoret,Safari,1452.75,7/25/2022,1
Nakuru,Hiking,4319.08,9/9/2022,6
Nairobi,Cultural Tour,4612.3,9/4/2022,19
Kisumu,Hiking,3325.41,6/25/2022,20
Nairobi,Hiking,3367.27,2/9/2022,14
Nakuru,Wildlife Viewing,2078.63,6/23/2022,10
Eldoret,Beach,3067.62,6/15/2022,20
Eldoret,Safari,1768.02,1/3/2022,5
Mombasa,Hiking,848.46,12/29/2022,8
Nairobi,Beach,1384.32,10/8/2022,21
Kisumu,Hiking,3623.43,1/7/2022,20
Nakuru,Hiking,2002.71,7/9/2022,11
Eldoret,Beach,75.81,11/22/2022,6
Eldoret,Cultural Tour,1468.33,7/5/2022,14
Kisumu,Cultural Tour,3918.0,10/13/2022,1
Nakuru,Safari,4115.77,4/24/2022,3
Nakuru,Wildlife Viewing,3220.27,1/1/2022,15
Nakuru,Hiking,4213.74,7/8/2022,20
Nakuru,Hiking,4996.95,11/7/2022,23
Kisumu,Cultural Tour,1049.99,6/17/2022,13
Mombasa,Beach,2993.91,2/27/2022,8
Mombasa,Cultural Tour,1707.12,11/15/2022,8
Eldoret,Wildlife Viewing,4679.43,7/5/2022,7
Kisumu,Wildlife Viewing,4804.62,10/30/2022,17
Kisumu,Hiking,298.23,5/14/2022,1
Mombasa,Cultural Tour,3142.41,4/18/2022,11
Eldoret,Cultural Tour,3633.14,1/26/2022,23
Nakuru,Beach,3999.36,8/18/2022,7
Nakuru,Beach,390.66,3/16/2022,14
Kisumu,Cultural Tour,4754.46,10/23/2022,2
Mombasa,Cultural Tour,4071.4,1/9/2022,23
Kisumu,Beach,3148.29,6/1/2022,8
Mombasa,Safari,2476.45,10/14/2022,8
Nairobi,Safari,3076.12,5/7/2022,8
Mombasa,Hiking,149.82,3/19/2022,19
Nairobi,Safari,2760.7,9/22/2022,21
Mombasa,Safari,3109.36,2/25/2022,17
Nairobi,Cultural Tour,2820.07,4/12/2022,11
Mombasa,Beach,1048.9,9/8/2022,3
Eldoret,Hiking,3028.5,1/12/2022,6
Eldoret,Beach,3849.01,7/14/2022,9
Kisumu,Hiking,3320.76,9/7/2022,21
Eldoret,Wildlife Viewing,3165.95,1/1/2022,15
Mombasa,Cultural Tour,4383.71,7/19/2022,14
Nairobi,Cultural Tour,3751.32,8/23/2022,9
Nairobi,Cultural Tour,768.13,5/12/2022,7
Eldoret,Safari,908.38,1/26/2022,24
Kisumu,Wildlife Viewing,2734.15,1/1/2022,11
Nakuru,Safari,861.23,5/30/2022,8
Kisumu,Safari,227.33,8/19/2022,15
Nairobi,Hiking,3645.37,2/26/2022,11
Mombasa,Hiking,4451.4,3/8/2022,20
Nairobi,Safari,3305.91,9/29/2022,14
Nairobi,Beach,3233.58,8/13/2022,8
Nakuru,Hiking,4813.02,6/3/2022,5
Nairobi,Wildlife Viewing,2320.26,4/24/2022,23
Nairobi,Wildlife Viewing,1286.45,12/11/2022,20
Kisumu,Cultural Tour,2998.79,3/12/2022,12
Eldoret,Safari,2936.08,4/21/2022,5
Eldoret,Cultural Tour,3511.1,12/25/2022,21
Eldoret,Cultural Tour,1247.25,10/17/2022,20
Mombasa,Cultural Tour,1777.19,12/13/2022,9
Nairobi,Beach,1765.09,6/3/2022,14
Eldoret,Safari,2084.56,9/12/2022,8
Nairobi,Cultural Tour,705.89,5/16/2022,23
Nairobi,Cultural Tour,2854.72,4/29/2022,17
Nakuru,Hiking,2644.08,8/26/2022,20
Eldoret,Cultural Tour,2861.87,6/9/2022,7
Eldoret,Safari,882.08,12/7/2022,19
Nakuru,Safari,1688.55,3/20/2022,20
Kisumu,Hiking,891.01,1/21/2022,18
Kisumu,Safari,898.26,4/14/2022,5
Nakuru,Safari,4862.38,7/18/2022,7
Kisumu,Wildlife Viewing,1741.61,10/4/2022,7
Eldoret,Cultural Tour,3614.62,11/26/2022,8
Eldoret,Beach,863.99,10/30/2022,7
Eldoret,Safari,1026.65,4/26/2022,9
Nakuru,Cultural Tour,2043.45,2/16/2022,15
Nakuru,Beach,4020.48,5/24/2022,3
Nairobi,Beach,3240.89,8/20/2022,14
Kisumu,Beach,465.88,3/27/2022,2
Nairobi,Hiking,179.6,10/12/2022,8
Nairobi,Beach,1082.44,7/24/2022,14
Nakuru,Hiking,2920.32,5/24/2022,6
Kisumu,Safari,4195.54,5/10/2022,7
Eldoret,Wildlife Viewing,4925.46,9/26/2022,2
Eldoret,Hiking,4273.94,12/26/2022,1
Kisumu,Cultural Tour,2960.75,4/12/2022,21
Eldoret,Cultural Tour,947.0,5/5/2022,8
Nairobi,Cultural Tour,3317.26,2/5/2022,22
Nairobi,Wildlife Viewing,3639.82,11/13/2022,22
Eldoret,Wildlife Viewing,3193.03,3/28/2022,16
Mombasa,Beach,2447.8,3/27/2022,19
Eldoret,Cultural Tour,70.33,12/30/2022,17
Mombasa,Cultural Tour,4440.49,2/15/2022,18
Mombasa,Hiking,4724.24,10/23/2022,8
Nakuru,Wildlife Viewing,2002.23,3/13/2022,22
Kisumu,Hiking,1245.83,10/29/2022,1
Nakuru,Cultural Tour,416.88,9/5/2022,1
Kisumu,Wildlife Viewing,130.42,11/20/2022,17
Eldoret,Wildlife Viewing,1350.46,10/17/2022,22
Eldoret,Safari,4847.95,11/25/2022,3
Nakuru,Wildlife Viewing,3909.84,11/29/2022,3
Nairobi,Wildlife Viewing,2232.82,9/14/2022,1
Nakuru,Beach,2596.12,8/30/2022,4
Eldoret,Wildlife Viewing,4258.04,3/13/2022,13
Eldoret,Cultural Tour,3264.64,4/18/2022,12
Mombasa,Cultural Tour,3713.19,10/29/2022,6
Nakuru,Wildlife Viewing,2077.97,3/14/2022,23
Nairobi,Beach,2351.89,5/21/2022,12
Eldoret,Wildlife Viewing,4426.1,8/16/2022,15
Nakuru,Beach,4644.89,8/21/2022,11
Eldoret,Wildlife Viewing,84.37,7/5/2022,9
Eldoret,Wildlife Viewing,2596.48,8/17/2022,19
Eldoret,Beach,4528.36,2/25/2022,1
Nakuru,Wildlife Viewing,4915.68,2/19/2022,9
Nakuru,Beach,4290.83,4/14/2022,4
Nairobi,Hiking,3793.71,8/9/2022,3
Eldoret,Wildlife Viewing,3736.0,5/19/2022,1
Eldoret,Safari,323.71,1/17/2022,8
